strategy,scenario,deficit_tons,mad,min_service_ratio
Baseline,Baseline,930.9539570222889,0.1932236311645741,0.8363534987454697
Baseline,Baseline,930.9539570222889,0.1932236311645741,0.8363534987454697
Baseline,Baseline,930.9539570222889,0.1932236311645741,0.8363534987454697
Baseline,VehicleFailure,2260.8052577890976,0.16424008648988794,0.7109004739336493
Baseline,SevereWeather,6143.962766076978,0.11147517182571583,0.4825116338916172
Baseline,Baseline,930.9539570222889,0.1932236311645741,0.8363534987454697
Baseline,SevereWeather,6143.962766076978,0.11147517182571583,0.4825116338916172
Baseline,VehicleFailure,2260.8052577890976,0.16424008648988794,0.7109004739336493
Baseline,Baseline,930.9539570222889,0.1932236311645741,0.8363534987454697
Baseline,Baseline,930.9539570222889,0.1932236311645741,0.8363534987454697
Baseline,Baseline,930.9539570222889,0.1932236311645741,0.8363534987454697
Baseline,WasteSpike,3905.5834128203524,0.13801687940326723,0.5973953562467641
Baseline,Baseline,930.9539570222889,0.1932236311645741,0.8363534987454697
Baseline,WasteSpike,3905.5834128203524,0.13801687940326723,0.5973953562467641
Baseline,Baseline,930.9539570222889,0.1932236311645741,0.8363534987454697
Baseline,WasteSpike,3905.5834128203524,0.13801687940326723,0.5973953562467641
Baseline,SevereWeather,6143.962766076978,0.11147517182571583,0.4825116338916172
Baseline,Baseline,930.9539570222889,0.1932236311645741,0.8363534987454697
Baseline,Baseline,930.9539570222889,0.1932236311645741,0.8363534987454697
Baseline,VehicleFailure,2260.8052577890976,0.16424008648988794,0.7109004739336493
Baseline,Baseline,930.9539570222889,0.1932236311645741,0.8363534987454697
Baseline,WasteSpike,3905.5834128203524,0.13801687940326723,0.5973953562467641
Baseline,VehicleFailure,2260.8052577890976,0.16424008648988794,0.7109004739336493
Baseline,Baseline,930.9539570222889,0.1932236311645741,0.8363534987454697
Baseline,Baseline,930.9539570222889,0.1932236311645741,0.8363534987454697
Baseline,Baseline,930.9539570222889,0.1932236311645741,0.8363534987454697
Baseline,VehicleFailure,2260.8052577890976,0.16424008648988794,0.7109004739336493
Baseline,WasteSpike,3905.5834128203524,0.13801687940326723,0.5973953562467641
Baseline,WasteSpike,3905.5834128203524,0.13801687940326723,0.5973953562467641
Baseline,VehicleFailure,2260.8052577890976,0.16424008648988794,0.7109004739336493
Baseline,Baseline,930.9539570222889,0.1932236311645741,0.8363534987454697
Baseline,Baseline,930.9539570222889,0.1932236311645741,0.8363534987454697
Baseline,WasteSpike,3905.5834128203524,0.13801687940326723,0.5973953562467641
Baseline,WasteSpike,3905.5834128203524,0.13801687940326723,0.5973953562467641
Baseline,Baseline,930.9539570222889,0.1932236311645741,0.8363534987454697
Baseline,Baseline,930.9539570222889,0.1932236311645741,0.8363534987454697
Baseline,WasteSpike,3905.5834128203524,0.13801687940326723,0.5973953562467641
Baseline,WasteSpike,3905.5834128203524,0.13801687940326723,0.5973953562467641
Baseline,SevereWeather,6143.962766076978,0.11147517182571583,0.4825116338916172
Baseline,Baseline,930.9539570222889,0.1932236311645741,0.8363534987454697
Baseline,Baseline,930.9539570222889,0.1932236311645741,0.8363534987454697
Baseline,Baseline,930.9539570222889,0.1932236311645741,0.8363534987454697
Baseline,SevereWeather,6143.962766076978,0.11147517182571583,0.4825116338916172
Baseline,Baseline,930.9539570222889,0.1932236311645741,0.8363534987454697
Baseline,Baseline,930.9539570222889,0.1932236311645741,0.8363534987454697
Baseline,Baseline,930.9539570222889,0.1932236311645741,0.8363534987454697
Baseline,Baseline,930.9539570222889,0.1932236311645741,0.8363534987454697
Baseline,WasteSpike,3905.5834128203524,0.13801687940326723,0.5973953562467641
Baseline,Baseline,930.9539570222889,0.1932236311645741,0.8363534987454697
Baseline,WasteSpike,3905.5834128203524,0.13801687940326723,0.5973953562467641
Baseline,VehicleFailure,2260.8052577890976,0.16424008648988794,0.7109004739336493
Baseline,Baseline,930.9539570222889,0.1932236311645741,0.8363534987454697
Baseline,VehicleFailure,2260.8052577890976,0.16424008648988794,0.7109004739336493
Baseline,Baseline,930.9539570222889,0.1932236311645741,0.8363534987454697
Baseline,VehicleFailure,2260.8052577890976,0.16424008648988794,0.7109004739336493
Baseline,SevereWeather,6143.962766076978,0.11147517182571583,0.4825116338916172
Baseline,Baseline,930.9539570222889,0.1932236311645741,0.8363534987454697
Baseline,SevereWeather,6143.962766076978,0.11147517182571583,0.4825116338916172
Baseline,SevereWeather,6143.962766076978,0.11147517182571583,0.4825116338916172
Baseline,Baseline,930.9539570222889,0.1932236311645741,0.8363534987454697
Baseline,WasteSpike,3905.5834128203524,0.13801687940326723,0.5973953562467641
Baseline,Baseline,930.9539570222889,0.1932236311645741,0.8363534987454697
Baseline,VehicleFailure,2260.8052577890976,0.16424008648988794,0.7109004739336493
Baseline,SevereWeather,6143.962766076978,0.11147517182571583,0.4825116338916172
Baseline,Baseline,930.9539570222889,0.1932236311645741,0.8363534987454697
Baseline,Baseline,930.9539570222889,0.1932236311645741,0.8363534987454697
Baseline,Baseline,930.9539570222889,0.1932236311645741,0.8363534987454697
Baseline,Baseline,930.9539570222889,0.1932236311645741,0.8363534987454697
Baseline,WasteSpike,3905.5834128203524,0.13801687940326723,0.5973953562467641
Baseline,Baseline,930.9539570222889,0.1932236311645741,0.8363534987454697
Baseline,SevereWeather,6143.962766076978,0.11147517182571583,0.4825116338916172
Baseline,Baseline,930.9539570222889,0.1932236311645741,0.8363534987454697
Baseline,Baseline,930.9539570222889,0.1932236311645741,0.8363534987454697
Baseline,WasteSpike,3905.5834128203524,0.13801687940326723,0.5973953562467641
Baseline,VehicleFailure,2260.8052577890976,0.16424008648988794,0.7109004739336493
Baseline,Baseline,930.9539570222889,0.1932236311645741,0.8363534987454697
Baseline,Baseline,930.9539570222889,0.1932236311645741,0.8363534987454697
Baseline,WasteSpike,3905.5834128203524,0.13801687940326723,0.5973953562467641
Baseline,VehicleFailure,2260.8052577890976,0.16424008648988794,0.7109004739336493
Baseline,Baseline,930.9539570222889,0.1932236311645741,0.8363534987454697
Baseline,VehicleFailure,2260.8052577890976,0.16424008648988794,0.7109004739336493
Baseline,Baseline,930.9539570222889,0.1932236311645741,0.8363534987454697
Baseline,Baseline,930.9539570222889,0.1932236311645741,0.8363534987454697
Baseline,VehicleFailure,2260.8052577890976,0.16424008648988794,0.7109004739336493
Baseline,SevereWeather,6143.962766076978,0.11147517182571583,0.4825116338916172
Baseline,Baseline,930.9539570222889,0.1932236311645741,0.8363534987454697
Baseline,Baseline,930.9539570222889,0.1932236311645741,0.8363534987454697
Baseline,Baseline,930.9539570222889,0.1932236311645741,0.8363534987454697
Baseline,Baseline,930.9539570222889,0.1932236311645741,0.8363534987454697
Baseline,Baseline,930.9539570222889,0.1932236311645741,0.8363534987454697
Baseline,Baseline,930.9539570222889,0.1932236311645741,0.8363534987454697
Baseline,Baseline,930.9539570222889,0.1932236311645741,0.8363534987454697
Baseline,VehicleFailure,2260.8052577890976,0.16424008648988794,0.7109004739336493
Baseline,Baseline,930.9539570222889,0.1932236311645741,0.8363534987454697
Baseline,Baseline,930.9539570222889,0.1932236311645741,0.8363534987454697
Baseline,Baseline,930.9539570222889,0.1932236311645741,0.8363534987454697
Baseline,Baseline,930.9539570222889,0.1932236311645741,0.8363534987454697
Baseline,WasteSpike,3905.5834128203524,0.13801687940326723,0.5973953562467641
Baseline,VehicleFailure,2260.8052577890976,0.16424008648988794,0.7109004739336493
Baseline,Baseline,930.9539570222889,0.1932236311645741,0.8363534987454697
Baseline,Baseline,930.9539570222889,0.1932236311645741,0.8363534987454697
Baseline,SevereWeather,6143.962766076978,0.11147517182571583,0.4825116338916172
Baseline,Baseline,930.9539570222889,0.1932236311645741,0.8363534987454697
Baseline,WasteSpike,3905.5834128203524,0.13801687940326723,0.5973953562467641
Baseline,VehicleFailure,2260.8052577890976,0.16424008648988794,0.7109004739336493
Baseline,Baseline,930.9539570222889,0.1932236311645741,0.8363534987454697
Baseline,SevereWeather,6143.962766076978,0.11147517182571583,0.4825116338916172
Baseline,Baseline,930.9539570222889,0.1932236311645741,0.8363534987454697
Baseline,Baseline,930.9539570222889,0.1932236311645741,0.8363534987454697
Baseline,VehicleFailure,2260.8052577890976,0.16424008648988794,0.7109004739336493
Baseline,VehicleFailure,2260.8052577890976,0.16424008648988794,0.7109004739336493
Baseline,VehicleFailure,2260.8052577890976,0.16424008648988794,0.7109004739336493
Baseline,SevereWeather,6143.962766076978,0.11147517182571583,0.4825116338916172
Baseline,Baseline,930.9539570222889,0.1932236311645741,0.8363534987454697
Baseline,VehicleFailure,2260.8052577890976,0.16424008648988794,0.7109004739336493
Baseline,Baseline,930.9539570222889,0.1932236311645741,0.8363534987454697
Baseline,Baseline,930.9539570222889,0.1932236311645741,0.8363534987454697
Baseline,Baseline,930.9539570222889,0.1932236311645741,0.8363534987454697
Baseline,Baseline,930.9539570222889,0.1932236311645741,0.8363534987454697
Baseline,Baseline,930.9539570222889,0.1932236311645741,0.8363534987454697
Baseline,VehicleFailure,2260.8052577890976,0.16424008648988794,0.7109004739336493
Baseline,Baseline,930.9539570222889,0.1932236311645741,0.8363534987454697
Baseline,Baseline,930.9539570222889,0.1932236311645741,0.8363534987454697
Baseline,SevereWeather,6143.962766076978,0.11147517182571583,0.4825116338916172
Baseline,Baseline,930.9539570222889,0.1932236311645741,0.8363534987454697
Baseline,SevereWeather,6143.962766076978,0.11147517182571583,0.4825116338916172
Baseline,Baseline,930.9539570222889,0.1932236311645741,0.8363534987454697
Baseline,VehicleFailure,2260.8052577890976,0.16424008648988794,0.7109004739336493
Baseline,Baseline,930.9539570222889,0.1932236311645741,0.8363534987454697
Baseline,Baseline,930.9539570222889,0.1932236311645741,0.8363534987454697
Baseline,WasteSpike,3905.5834128203524,0.13801687940326723,0.5973953562467641
Baseline,Baseline,930.9539570222889,0.1932236311645741,0.8363534987454697
Baseline,Baseline,930.9539570222889,0.1932236311645741,0.8363534987454697
Baseline,Baseline,930.9539570222889,0.1932236311645741,0.8363534987454697
Baseline,Baseline,930.9539570222889,0.1932236311645741,0.8363534987454697
Baseline,VehicleFailure,2260.8052577890976,0.16424008648988794,0.7109004739336493
Baseline,Baseline,930.9539570222889,0.1932236311645741,0.8363534987454697
Baseline,Baseline,930.9539570222889,0.1932236311645741,0.8363534987454697
Baseline,Baseline,930.9539570222889,0.1932236311645741,0.8363534987454697
Baseline,Baseline,930.9539570222889,0.1932236311645741,0.8363534987454697
Baseline,WasteSpike,3905.5834128203524,0.13801687940326723,0.5973953562467641
Baseline,WasteSpike,3905.5834128203524,0.13801687940326723,0.5973953562467641
Baseline,Baseline,930.9539570222889,0.1932236311645741,0.8363534987454697
Baseline,Baseline,930.9539570222889,0.1932236311645741,0.8363534987454697
Baseline,Baseline,930.9539570222889,0.1932236311645741,0.8363534987454697
Baseline,Baseline,930.9539570222889,0.1932236311645741,0.8363534987454697
Baseline,Baseline,930.9539570222889,0.1932236311645741,0.8363534987454697
Baseline,WasteSpike,3905.5834128203524,0.13801687940326723,0.5973953562467641
Baseline,Baseline,930.9539570222889,0.1932236311645741,0.8363534987454697
Baseline,Baseline,930.9539570222889,0.1932236311645741,0.8363534987454697
Baseline,Baseline,930.9539570222889,0.1932236311645741,0.8363534987454697
Baseline,WasteSpike,3905.5834128203524,0.13801687940326723,0.5973953562467641
Baseline,Baseline,930.9539570222889,0.1932236311645741,0.8363534987454697
Baseline,Baseline,930.9539570222889,0.1932236311645741,0.8363534987454697
Baseline,SevereWeather,6143.962766076978,0.11147517182571583,0.4825116338916172
Baseline,Baseline,930.9539570222889,0.1932236311645741,0.8363534987454697
Baseline,Baseline,930.9539570222889,0.1932236311645741,0.8363534987454697
Baseline,Baseline,930.9539570222889,0.1932236311645741,0.8363534987454697
Baseline,Baseline,930.9539570222889,0.1932236311645741,0.8363534987454697
Baseline,Baseline,930.9539570222889,0.1932236311645741,0.8363534987454697
Baseline,Baseline,930.9539570222889,0.1932236311645741,0.8363534987454697
Baseline,Baseline,930.9539570222889,0.1932236311645741,0.8363534987454697
Baseline,Baseline,930.9539570222889,0.1932236311645741,0.8363534987454697
Baseline,SevereWeather,6143.962766076978,0.11147517182571583,0.4825116338916172
Baseline,Baseline,930.9539570222889,0.1932236311645741,0.8363534987454697
Baseline,WasteSpike,3905.5834128203524,0.13801687940326723,0.5973953562467641
Baseline,Baseline,930.9539570222889,0.1932236311645741,0.8363534987454697
Baseline,Baseline,930.9539570222889,0.1932236311645741,0.8363534987454697
Baseline,Baseline,930.9539570222889,0.1932236311645741,0.8363534987454697
Baseline,Baseline,930.9539570222889,0.1932236311645741,0.8363534987454697
Baseline,VehicleFailure,2260.8052577890976,0.16424008648988794,0.7109004739336493
Baseline,SevereWeather,6143.962766076978,0.11147517182571583,0.4825116338916172
Baseline,Baseline,930.9539570222889,0.1932236311645741,0.8363534987454697
Baseline,Baseline,930.9539570222889,0.1932236311645741,0.8363534987454697
Baseline,Baseline,930.9539570222889,0.1932236311645741,0.8363534987454697
Baseline,SevereWeather,6143.962766076978,0.11147517182571583,0.4825116338916172
Baseline,Baseline,930.9539570222889,0.1932236311645741,0.8363534987454697
Baseline,Baseline,930.9539570222889,0.1932236311645741,0.8363534987454697
Baseline,Baseline,930.9539570222889,0.1932236311645741,0.8363534987454697
Baseline,SevereWeather,6143.962766076978,0.11147517182571583,0.4825116338916172
Baseline,VehicleFailure,2260.8052577890976,0.16424008648988794,0.7109004739336493
Baseline,WasteSpike,3905.5834128203524,0.13801687940326723,0.5973953562467641
Baseline,Baseline,930.9539570222889,0.1932236311645741,0.8363534987454697
Baseline,Baseline,930.9539570222889,0.1932236311645741,0.8363534987454697
Baseline,WasteSpike,3905.5834128203524,0.13801687940326723,0.5973953562467641
Baseline,SevereWeather,6143.962766076978,0.11147517182571583,0.4825116338916172
Baseline,WasteSpike,3905.5834128203524,0.13801687940326723,0.5973953562467641
Baseline,WasteSpike,3905.5834128203524,0.13801687940326723,0.5973953562467641
Baseline,Baseline,930.9539570222889,0.1932236311645741,0.8363534987454697
Baseline,VehicleFailure,2260.8052577890976,0.16424008648988794,0.7109004739336493
Baseline,SevereWeather,6143.962766076978,0.11147517182571583,0.4825116338916172
Baseline,Baseline,930.9539570222889,0.1932236311645741,0.8363534987454697
Baseline,Baseline,930.9539570222889,0.1932236311645741,0.8363534987454697
Baseline,Baseline,930.9539570222889,0.1932236311645741,0.8363534987454697
Baseline,VehicleFailure,2260.8052577890976,0.16424008648988794,0.7109004739336493
Baseline,Baseline,930.9539570222889,0.1932236311645741,0.8363534987454697
Baseline,WasteSpike,3905.5834128203524,0.13801687940326723,0.5973953562467641
Baseline,VehicleFailure,2260.8052577890976,0.16424008648988794,0.7109004739336493
Baseline,VehicleFailure,2260.8052577890976,0.16424008648988794,0.7109004739336493
Baseline,WasteSpike,3905.5834128203524,0.13801687940326723,0.5973953562467641
PriorityMode,Baseline,930.9539570222889,0.1932236311645741,0.8363534987454697
PriorityMode,Baseline,930.9539570222889,0.1932236311645741,0.8363534987454697
PriorityMode,WasteSpike,3905.5834128203524,0.13801687940326723,0.5973953562467641
PriorityMode,Baseline,930.9539570222889,0.1932236311645741,0.8363534987454697
PriorityMode,WasteSpike,3905.5834128203524,0.13801687940326723,0.5973953562467641
PriorityMode,WasteSpike,3905.5834128203524,0.13801687940326723,0.5973953562467641
PriorityMode,WasteSpike,3905.5834128203524,0.13801687940326723,0.5973953562467641
PriorityMode,WasteSpike,3905.5834128203524,0.13801687940326723,0.5973953562467641
PriorityMode,Baseline,930.9539570222889,0.1932236311645741,0.8363534987454697
PriorityMode,Baseline,930.9539570222889,0.1932236311645741,0.8363534987454697
PriorityMode,Baseline,930.9539570222889,0.1932236311645741,0.8363534987454697
PriorityMode,SevereWeather,6143.962766076978,0.1449177233734306,0.4825116338916172
PriorityMode,SevereWeather,6143.962766076978,0.1449177233734306,0.4825116338916172
PriorityMode,Baseline,930.9539570222889,0.1932236311645741,0.8363534987454697
PriorityMode,Baseline,930.9539570222889,0.1932236311645741,0.8363534987454697
PriorityMode,Baseline,930.9539570222889,0.1932236311645741,0.8363534987454697
PriorityMode,SevereWeather,6143.962766076978,0.1449177233734306,0.4825116338916172
PriorityMode,WasteSpike,3905.5834128203524,0.13801687940326723,0.5973953562467641
PriorityMode,WasteSpike,3905.5834128203524,0.13801687940326723,0.5973953562467641
PriorityMode,Baseline,930.9539570222889,0.1932236311645741,0.8363534987454697
PriorityMode,SevereWeather,6143.962766076978,0.1449177233734306,0.4825116338916172
PriorityMode,Baseline,930.9539570222889,0.1932236311645741,0.8363534987454697
PriorityMode,Baseline,930.9539570222889,0.1932236311645741,0.8363534987454697
PriorityMode,Baseline,930.9539570222889,0.1932236311645741,0.8363534987454697
PriorityMode,WasteSpike,3905.5834128203524,0.13801687940326723,0.5973953562467641
PriorityMode,Baseline,930.9539570222889,0.1932236311645741,0.8363534987454697
PriorityMode,Baseline,930.9539570222889,0.1932236311645741,0.8363534987454697
PriorityMode,Baseline,930.9539570222889,0.1932236311645741,0.8363534987454697
PriorityMode,Baseline,930.9539570222889,0.1932236311645741,0.8363534987454697
PriorityMode,Baseline,930.9539570222889,0.1932236311645741,0.8363534987454697
PriorityMode,SevereWeather,6143.962766076978,0.1449177233734306,0.4825116338916172
PriorityMode,WasteSpike,3905.5834128203524,0.13801687940326723,0.5973953562467641
PriorityMode,Baseline,930.9539570222889,0.1932236311645741,0.8363534987454697
PriorityMode,Baseline,930.9539570222889,0.1932236311645741,0.8363534987454697
PriorityMode,Baseline,930.9539570222889,0.1932236311645741,0.8363534987454697
PriorityMode,WasteSpike,3905.5834128203524,0.13801687940326723,0.5973953562467641
PriorityMode,Baseline,930.9539570222889,0.1932236311645741,0.8363534987454697
PriorityMode,Baseline,930.9539570222889,0.1932236311645741,0.8363534987454697
PriorityMode,Baseline,930.9539570222889,0.1932236311645741,0.8363534987454697
PriorityMode,Baseline,930.9539570222889,0.1932236311645741,0.8363534987454697
PriorityMode,Baseline,930.9539570222889,0.1932236311645741,0.8363534987454697
PriorityMode,Baseline,930.9539570222889,0.1932236311645741,0.8363534987454697
PriorityMode,SevereWeather,6143.962766076978,0.1449177233734306,0.4825116338916172
PriorityMode,Baseline,930.9539570222889,0.1932236311645741,0.8363534987454697
PriorityMode,SevereWeather,6143.962766076978,0.1449177233734306,0.4825116338916172
PriorityMode,Baseline,930.9539570222889,0.1932236311645741,0.8363534987454697
PriorityMode,SevereWeather,6143.962766076978,0.1449177233734306,0.4825116338916172
PriorityMode,WasteSpike,3905.5834128203524,0.13801687940326723,0.5973953562467641
PriorityMode,Baseline,930.9539570222889,0.1932236311645741,0.8363534987454697
PriorityMode,SevereWeather,6143.962766076978,0.1449177233734306,0.4825116338916172
PriorityMode,Baseline,930.9539570222889,0.1932236311645741,0.8363534987454697
PriorityMode,Baseline,930.9539570222889,0.1932236311645741,0.8363534987454697
PriorityMode,Baseline,930.9539570222889,0.1932236311645741,0.8363534987454697
PriorityMode,Baseline,930.9539570222889,0.1932236311645741,0.8363534987454697
PriorityMode,Baseline,930.9539570222889,0.1932236311645741,0.8363534987454697
PriorityMode,VehicleFailure,2260.8052577890976,0.16424008648988794,0.7109004739336493
PriorityMode,Baseline,930.9539570222889,0.1932236311645741,0.8363534987454697
PriorityMode,VehicleFailure,2260.8052577890976,0.16424008648988794,0.7109004739336493
PriorityMode,WasteSpike,3905.5834128203524,0.13801687940326723,0.5973953562467641
PriorityMode,Baseline,930.9539570222889,0.1932236311645741,0.8363534987454697
PriorityMode,Baseline,930.9539570222889,0.1932236311645741,0.8363534987454697
PriorityMode,WasteSpike,3905.5834128203524,0.13801687940326723,0.5973953562467641
PriorityMode,Baseline,930.9539570222889,0.1932236311645741,0.8363534987454697
PriorityMode,Baseline,930.9539570222889,0.1932236311645741,0.8363534987454697
PriorityMode,Baseline,930.9539570222889,0.1932236311645741,0.8363534987454697
PriorityMode,Baseline,930.9539570222889,0.1932236311645741,0.8363534987454697
PriorityMode,WasteSpike,3905.5834128203524,0.13801687940326723,0.5973953562467641
PriorityMode,Baseline,930.9539570222889,0.1932236311645741,0.8363534987454697
PriorityMode,VehicleFailure,2260.8052577890976,0.16424008648988794,0.7109004739336493
PriorityMode,Baseline,930.9539570222889,0.1932236311645741,0.8363534987454697
PriorityMode,Baseline,930.9539570222889,0.1932236311645741,0.8363534987454697
PriorityMode,SevereWeather,6143.962766076978,0.1449177233734306,0.4825116338916172
PriorityMode,Baseline,930.9539570222889,0.1932236311645741,0.8363534987454697
PriorityMode,SevereWeather,6143.962766076978,0.1449177233734306,0.4825116338916172
PriorityMode,Baseline,930.9539570222889,0.1932236311645741,0.8363534987454697
PriorityMode,Baseline,930.9539570222889,0.1932236311645741,0.8363534987454697
PriorityMode,SevereWeather,6143.962766076978,0.1449177233734306,0.4825116338916172
PriorityMode,WasteSpike,3905.5834128203524,0.13801687940326723,0.5973953562467641
PriorityMode,Baseline,930.9539570222889,0.1932236311645741,0.8363534987454697
PriorityMode,Baseline,930.9539570222889,0.1932236311645741,0.8363534987454697
PriorityMode,WasteSpike,3905.5834128203524,0.13801687940326723,0.5973953562467641
PriorityMode,Baseline,930.9539570222889,0.1932236311645741,0.8363534987454697
PriorityMode,Baseline,930.9539570222889,0.1932236311645741,0.8363534987454697
PriorityMode,VehicleFailure,2260.8052577890976,0.16424008648988794,0.7109004739336493
PriorityMode,Baseline,930.9539570222889,0.1932236311645741,0.8363534987454697
PriorityMode,Baseline,930.9539570222889,0.1932236311645741,0.8363534987454697
PriorityMode,Baseline,930.9539570222889,0.1932236311645741,0.8363534987454697
PriorityMode,Baseline,930.9539570222889,0.1932236311645741,0.8363534987454697
PriorityMode,Baseline,930.9539570222889,0.1932236311645741,0.8363534987454697
PriorityMode,Baseline,930.9539570222889,0.1932236311645741,0.8363534987454697
PriorityMode,Baseline,930.9539570222889,0.1932236311645741,0.8363534987454697
PriorityMode,Baseline,930.9539570222889,0.1932236311645741,0.8363534987454697
PriorityMode,WasteSpike,3905.5834128203524,0.13801687940326723,0.5973953562467641
PriorityMode,Baseline,930.9539570222889,0.1932236311645741,0.8363534987454697
PriorityMode,Baseline,930.9539570222889,0.1932236311645741,0.8363534987454697
PriorityMode,Baseline,930.9539570222889,0.1932236311645741,0.8363534987454697
PriorityMode,WasteSpike,3905.5834128203524,0.13801687940326723,0.5973953562467641
PriorityMode,Baseline,930.9539570222889,0.1932236311645741,0.8363534987454697
PriorityMode,Baseline,930.9539570222889,0.1932236311645741,0.8363534987454697
PriorityMode,Baseline,930.9539570222889,0.1932236311645741,0.8363534987454697
PriorityMode,VehicleFailure,2260.8052577890976,0.16424008648988794,0.7109004739336493
PriorityMode,Baseline,930.9539570222889,0.1932236311645741,0.8363534987454697
PriorityMode,Baseline,930.9539570222889,0.1932236311645741,0.8363534987454697
PriorityMode,VehicleFailure,2260.8052577890976,0.16424008648988794,0.7109004739336493
PriorityMode,Baseline,930.9539570222889,0.1932236311645741,0.8363534987454697
PriorityMode,Baseline,930.9539570222889,0.1932236311645741,0.8363534987454697
PriorityMode,VehicleFailure,2260.8052577890976,0.16424008648988794,0.7109004739336493
PriorityMode,WasteSpike,3905.5834128203524,0.13801687940326723,0.5973953562467641
PriorityMode,SevereWeather,6143.962766076978,0.1449177233734306,0.4825116338916172
PriorityMode,VehicleFailure,2260.8052577890976,0.16424008648988794,0.7109004739336493
PriorityMode,Baseline,930.9539570222889,0.1932236311645741,0.8363534987454697
PriorityMode,Baseline,930.9539570222889,0.1932236311645741,0.8363534987454697
PriorityMode,WasteSpike,3905.5834128203524,0.13801687940326723,0.5973953562467641
PriorityMode,WasteSpike,3905.5834128203524,0.13801687940326723,0.5973953562467641
PriorityMode,Baseline,930.9539570222889,0.1932236311645741,0.8363534987454697
PriorityMode,Baseline,930.9539570222889,0.1932236311645741,0.8363534987454697
PriorityMode,VehicleFailure,2260.8052577890976,0.16424008648988794,0.7109004739336493
PriorityMode,Baseline,930.9539570222889,0.1932236311645741,0.8363534987454697
PriorityMode,WasteSpike,3905.5834128203524,0.13801687940326723,0.5973953562467641
PriorityMode,Baseline,930.9539570222889,0.1932236311645741,0.8363534987454697
PriorityMode,Baseline,930.9539570222889,0.1932236311645741,0.8363534987454697
PriorityMode,Baseline,930.9539570222889,0.1932236311645741,0.8363534987454697
PriorityMode,WasteSpike,3905.5834128203524,0.13801687940326723,0.5973953562467641
PriorityMode,Baseline,930.9539570222889,0.1932236311645741,0.8363534987454697
PriorityMode,Baseline,930.9539570222889,0.1932236311645741,0.8363534987454697
PriorityMode,Baseline,930.9539570222889,0.1932236311645741,0.8363534987454697
PriorityMode,Baseline,930.9539570222889,0.1932236311645741,0.8363534987454697
PriorityMode,WasteSpike,3905.5834128203524,0.13801687940326723,0.5973953562467641
PriorityMode,Baseline,930.9539570222889,0.1932236311645741,0.8363534987454697
PriorityMode,Baseline,930.9539570222889,0.1932236311645741,0.8363534987454697
PriorityMode,VehicleFailure,2260.8052577890976,0.16424008648988794,0.7109004739336493
PriorityMode,Baseline,930.9539570222889,0.1932236311645741,0.8363534987454697
PriorityMode,SevereWeather,6143.962766076978,0.1449177233734306,0.4825116338916172
PriorityMode,Baseline,930.9539570222889,0.1932236311645741,0.8363534987454697
PriorityMode,SevereWeather,6143.962766076978,0.1449177233734306,0.4825116338916172
PriorityMode,Baseline,930.9539570222889,0.1932236311645741,0.8363534987454697
PriorityMode,VehicleFailure,2260.8052577890976,0.16424008648988794,0.7109004739336493
PriorityMode,VehicleFailure,2260.8052577890976,0.16424008648988794,0.7109004739336493
PriorityMode,SevereWeather,6143.962766076978,0.1449177233734306,0.4825116338916172
PriorityMode,Baseline,930.9539570222889,0.1932236311645741,0.8363534987454697
PriorityMode,SevereWeather,6143.962766076978,0.1449177233734306,0.4825116338916172
PriorityMode,Baseline,930.9539570222889,0.1932236311645741,0.8363534987454697
PriorityMode,Baseline,930.9539570222889,0.1932236311645741,0.8363534987454697
PriorityMode,Baseline,930.9539570222889,0.1932236311645741,0.8363534987454697
PriorityMode,Baseline,930.9539570222889,0.1932236311645741,0.8363534987454697
PriorityMode,Baseline,930.9539570222889,0.1932236311645741,0.8363534987454697
PriorityMode,SevereWeather,6143.962766076978,0.1449177233734306,0.4825116338916172
PriorityMode,SevereWeather,6143.962766076978,0.1449177233734306,0.4825116338916172
PriorityMode,Baseline,930.9539570222889,0.1932236311645741,0.8363534987454697
PriorityMode,SevereWeather,6143.962766076978,0.1449177233734306,0.4825116338916172
PriorityMode,VehicleFailure,2260.8052577890976,0.16424008648988794,0.7109004739336493
PriorityMode,Baseline,930.9539570222889,0.1932236311645741,0.8363534987454697
PriorityMode,VehicleFailure,2260.8052577890976,0.16424008648988794,0.7109004739336493
PriorityMode,Baseline,930.9539570222889,0.1932236311645741,0.8363534987454697
PriorityMode,WasteSpike,3905.5834128203524,0.13801687940326723,0.5973953562467641
PriorityMode,VehicleFailure,2260.8052577890976,0.16424008648988794,0.7109004739336493
PriorityMode,Baseline,930.9539570222889,0.1932236311645741,0.8363534987454697
PriorityMode,SevereWeather,6143.962766076978,0.1449177233734306,0.4825116338916172
PriorityMode,Baseline,930.9539570222889,0.1932236311645741,0.8363534987454697
PriorityMode,SevereWeather,6143.962766076978,0.1449177233734306,0.4825116338916172
PriorityMode,SevereWeather,6143.962766076978,0.1449177233734306,0.4825116338916172
PriorityMode,Baseline,930.9539570222889,0.1932236311645741,0.8363534987454697
PriorityMode,VehicleFailure,2260.8052577890976,0.16424008648988794,0.7109004739336493
PriorityMode,SevereWeather,6143.962766076978,0.1449177233734306,0.4825116338916172
PriorityMode,WasteSpike,3905.5834128203524,0.13801687940326723,0.5973953562467641
PriorityMode,SevereWeather,6143.962766076978,0.1449177233734306,0.4825116338916172
PriorityMode,Baseline,930.9539570222889,0.1932236311645741,0.8363534987454697
PriorityMode,WasteSpike,3905.5834128203524,0.13801687940326723,0.5973953562467641
PriorityMode,WasteSpike,3905.5834128203524,0.13801687940326723,0.5973953562467641
PriorityMode,WasteSpike,3905.5834128203524,0.13801687940326723,0.5973953562467641
PriorityMode,Baseline,930.9539570222889,0.1932236311645741,0.8363534987454697
PriorityMode,Baseline,930.9539570222889,0.1932236311645741,0.8363534987454697
PriorityMode,Baseline,930.9539570222889,0.1932236311645741,0.8363534987454697
PriorityMode,Baseline,930.9539570222889,0.1932236311645741,0.8363534987454697
PriorityMode,VehicleFailure,2260.8052577890976,0.16424008648988794,0.7109004739336493
PriorityMode,Baseline,930.9539570222889,0.1932236311645741,0.8363534987454697
PriorityMode,Baseline,930.9539570222889,0.1932236311645741,0.8363534987454697
PriorityMode,VehicleFailure,2260.8052577890976,0.16424008648988794,0.7109004739336493
PriorityMode,Baseline,930.9539570222889,0.1932236311645741,0.8363534987454697
PriorityMode,Baseline,930.9539570222889,0.1932236311645741,0.8363534987454697
PriorityMode,Baseline,930.9539570222889,0.1932236311645741,0.8363534987454697
PriorityMode,Baseline,930.9539570222889,0.1932236311645741,0.8363534987454697
PriorityMode,Baseline,930.9539570222889,0.1932236311645741,0.8363534987454697
PriorityMode,Baseline,930.9539570222889,0.1932236311645741,0.8363534987454697
PriorityMode,Baseline,930.9539570222889,0.1932236311645741,0.8363534987454697
PriorityMode,WasteSpike,3905.5834128203524,0.13801687940326723,0.5973953562467641
PriorityMode,Baseline,930.9539570222889,0.1932236311645741,0.8363534987454697
PriorityMode,VehicleFailure,2260.8052577890976,0.16424008648988794,0.7109004739336493
PriorityMode,WasteSpike,3905.5834128203524,0.13801687940326723,0.5973953562467641
PriorityMode,VehicleFailure,2260.8052577890976,0.16424008648988794,0.7109004739336493
PriorityMode,Baseline,930.9539570222889,0.1932236311645741,0.8363534987454697
PriorityMode,WasteSpike,3905.5834128203524,0.13801687940326723,0.5973953562467641
PriorityMode,VehicleFailure,2260.8052577890976,0.16424008648988794,0.7109004739336493
PriorityMode,Baseline,930.9539570222889,0.1932236311645741,0.8363534987454697
PriorityMode,WasteSpike,3905.5834128203524,0.13801687940326723,0.5973953562467641
PriorityMode,Baseline,930.9539570222889,0.1932236311645741,0.8363534987454697
PriorityMode,Baseline,930.9539570222889,0.1932236311645741,0.8363534987454697
PriorityMode,WasteSpike,3905.5834128203524,0.13801687940326723,0.5973953562467641
PriorityMode,WasteSpike,3905.5834128203524,0.13801687940326723,0.5973953562467641
PriorityMode,Baseline,930.9539570222889,0.1932236311645741,0.8363534987454697
FlexCapacity,Baseline,930.9539570222889,0.1932236311645741,0.8363534987454697
FlexCapacity,Baseline,930.9539570222889,0.1932236311645741,0.8363534987454697
FlexCapacity,Baseline,930.9539570222889,0.1932236311645741,0.8363534987454697
FlexCapacity,Baseline,930.9539570222889,0.1932236311645741,0.8363534987454697
FlexCapacity,WasteSpike,2182.7792859498113,0.16562025528392063,0.716874427496117
FlexCapacity,WasteSpike,2182.7792859498113,0.16562025528392063,0.716874427496117
FlexCapacity,Baseline,930.9539570222889,0.1932236311645741,0.8363534987454697
FlexCapacity,Baseline,930.9539570222889,0.1932236311645741,0.8363534987454697
FlexCapacity,VehicleFailure,2260.8052577890976,0.16424008648988794,0.7109004739336493
FlexCapacity,Baseline,930.9539570222889,0.1932236311645741,0.8363534987454697
FlexCapacity,Baseline,930.9539570222889,0.1932236311645741,0.8363534987454697
FlexCapacity,Baseline,930.9539570222889,0.1932236311645741,0.8363534987454697
FlexCapacity,Baseline,930.9539570222889,0.1932236311645741,0.8363534987454697
FlexCapacity,Baseline,930.9539570222889,0.1932236311645741,0.8363534987454697
FlexCapacity,SevereWeather,6143.962766076978,0.11147517182571583,0.4825116338916172
FlexCapacity,Baseline,930.9539570222889,0.1932236311645741,0.8363534987454697
FlexCapacity,WasteSpike,2182.7792859498113,0.16562025528392063,0.716874427496117
FlexCapacity,Baseline,930.9539570222889,0.1932236311645741,0.8363534987454697
FlexCapacity,Baseline,930.9539570222889,0.1932236311645741,0.8363534987454697
FlexCapacity,Baseline,930.9539570222889,0.1932236311645741,0.8363534987454697
FlexCapacity,Baseline,930.9539570222889,0.1932236311645741,0.8363534987454697
FlexCapacity,Baseline,930.9539570222889,0.1932236311645741,0.8363534987454697
FlexCapacity,SevereWeather,6143.962766076978,0.11147517182571583,0.4825116338916172
FlexCapacity,Baseline,930.9539570222889,0.1932236311645741,0.8363534987454697
FlexCapacity,VehicleFailure,2260.8052577890976,0.16424008648988794,0.7109004739336493
FlexCapacity,VehicleFailure,2260.8052577890976,0.16424008648988794,0.7109004739336493
FlexCapacity,Baseline,930.9539570222889,0.1932236311645741,0.8363534987454697
FlexCapacity,Baseline,930.9539570222889,0.1932236311645741,0.8363534987454697
FlexCapacity,Baseline,930.9539570222889,0.1932236311645741,0.8363534987454697
FlexCapacity,Baseline,930.9539570222889,0.1932236311645741,0.8363534987454697
FlexCapacity,VehicleFailure,2260.8052577890976,0.16424008648988794,0.7109004739336493
FlexCapacity,Baseline,930.9539570222889,0.1932236311645741,0.8363534987454697
FlexCapacity,Baseline,930.9539570222889,0.1932236311645741,0.8363534987454697
FlexCapacity,VehicleFailure,2260.8052577890976,0.16424008648988794,0.7109004739336493
FlexCapacity,Baseline,930.9539570222889,0.1932236311645741,0.8363534987454697
FlexCapacity,SevereWeather,6143.962766076978,0.11147517182571583,0.4825116338916172
FlexCapacity,SevereWeather,6143.962766076978,0.11147517182571583,0.4825116338916172
FlexCapacity,Baseline,930.9539570222889,0.1932236311645741,0.8363534987454697
FlexCapacity,WasteSpike,2182.7792859498113,0.16562025528392063,0.716874427496117
FlexCapacity,SevereWeather,6143.962766076978,0.11147517182571583,0.4825116338916172
FlexCapacity,WasteSpike,2182.7792859498113,0.16562025528392063,0.716874427496117
FlexCapacity,VehicleFailure,2260.8052577890976,0.16424008648988794,0.7109004739336493
FlexCapacity,Baseline,930.9539570222889,0.1932236311645741,0.8363534987454697
FlexCapacity,Baseline,930.9539570222889,0.1932236311645741,0.8363534987454697
FlexCapacity,Baseline,930.9539570222889,0.1932236311645741,0.8363534987454697
FlexCapacity,Baseline,930.9539570222889,0.1932236311645741,0.8363534987454697
FlexCapacity,VehicleFailure,2260.8052577890976,0.16424008648988794,0.7109004739336493
FlexCapacity,WasteSpike,2182.7792859498113,0.16562025528392063,0.716874427496117
FlexCapacity,Baseline,930.9539570222889,0.1932236311645741,0.8363534987454697
FlexCapacity,Baseline,930.9539570222889,0.1932236311645741,0.8363534987454697
FlexCapacity,SevereWeather,6143.962766076978,0.11147517182571583,0.4825116338916172
FlexCapacity,SevereWeather,6143.962766076978,0.11147517182571583,0.4825116338916172
FlexCapacity,Baseline,930.9539570222889,0.1932236311645741,0.8363534987454697
FlexCapacity,VehicleFailure,2260.8052577890976,0.16424008648988794,0.7109004739336493
FlexCapacity,Baseline,930.9539570222889,0.1932236311645741,0.8363534987454697
FlexCapacity,Baseline,930.9539570222889,0.1932236311645741,0.8363534987454697
FlexCapacity,Baseline,930.9539570222889,0.1932236311645741,0.8363534987454697
FlexCapacity,Baseline,930.9539570222889,0.1932236311645741,0.8363534987454697
FlexCapacity,Baseline,930.9539570222889,0.1932236311645741,0.8363534987454697
FlexCapacity,SevereWeather,6143.962766076978,0.11147517182571583,0.4825116338916172
FlexCapacity,Baseline,930.9539570222889,0.1932236311645741,0.8363534987454697
FlexCapacity,Baseline,930.9539570222889,0.1932236311645741,0.8363534987454697
FlexCapacity,Baseline,930.9539570222889,0.1932236311645741,0.8363534987454697
FlexCapacity,Baseline,930.9539570222889,0.1932236311645741,0.8363534987454697
FlexCapacity,Baseline,930.9539570222889,0.1932236311645741,0.8363534987454697
FlexCapacity,WasteSpike,2182.7792859498113,0.16562025528392063,0.716874427496117
FlexCapacity,Baseline,930.9539570222889,0.1932236311645741,0.8363534987454697
FlexCapacity,Baseline,930.9539570222889,0.1932236311645741,0.8363534987454697
FlexCapacity,VehicleFailure,2260.8052577890976,0.16424008648988794,0.7109004739336493
FlexCapacity,Baseline,930.9539570222889,0.1932236311645741,0.8363534987454697
FlexCapacity,Baseline,930.9539570222889,0.1932236311645741,0.8363534987454697
FlexCapacity,Baseline,930.9539570222889,0.1932236311645741,0.8363534987454697
FlexCapacity,WasteSpike,2182.7792859498113,0.16562025528392063,0.716874427496117
FlexCapacity,Baseline,930.9539570222889,0.1932236311645741,0.8363534987454697
FlexCapacity,Baseline,930.9539570222889,0.1932236311645741,0.8363534987454697
FlexCapacity,Baseline,930.9539570222889,0.1932236311645741,0.8363534987454697
FlexCapacity,VehicleFailure,2260.8052577890976,0.16424008648988794,0.7109004739336493
FlexCapacity,Baseline,930.9539570222889,0.1932236311645741,0.8363534987454697
FlexCapacity,VehicleFailure,2260.8052577890976,0.16424008648988794,0.7109004739336493
FlexCapacity,VehicleFailure,2260.8052577890976,0.16424008648988794,0.7109004739336493
FlexCapacity,Baseline,930.9539570222889,0.1932236311645741,0.8363534987454697
FlexCapacity,Baseline,930.9539570222889,0.1932236311645741,0.8363534987454697
FlexCapacity,Baseline,930.9539570222889,0.1932236311645741,0.8363534987454697
FlexCapacity,Baseline,930.9539570222889,0.1932236311645741,0.8363534987454697
FlexCapacity,Baseline,930.9539570222889,0.1932236311645741,0.8363534987454697
FlexCapacity,Baseline,930.9539570222889,0.1932236311645741,0.8363534987454697
FlexCapacity,VehicleFailure,2260.8052577890976,0.16424008648988794,0.7109004739336493
FlexCapacity,SevereWeather,6143.962766076978,0.11147517182571583,0.4825116338916172
FlexCapacity,WasteSpike,2182.7792859498113,0.16562025528392063,0.716874427496117
FlexCapacity,Baseline,930.9539570222889,0.1932236311645741,0.8363534987454697
FlexCapacity,Baseline,930.9539570222889,0.1932236311645741,0.8363534987454697
FlexCapacity,WasteSpike,2182.7792859498113,0.16562025528392063,0.716874427496117
FlexCapacity,VehicleFailure,2260.8052577890976,0.16424008648988794,0.7109004739336493
FlexCapacity,Baseline,930.9539570222889,0.1932236311645741,0.8363534987454697
FlexCapacity,Baseline,930.9539570222889,0.1932236311645741,0.8363534987454697
FlexCapacity,VehicleFailure,2260.8052577890976,0.16424008648988794,0.7109004739336493
FlexCapacity,VehicleFailure,2260.8052577890976,0.16424008648988794,0.7109004739336493
FlexCapacity,Baseline,930.9539570222889,0.1932236311645741,0.8363534987454697
FlexCapacity,Baseline,930.9539570222889,0.1932236311645741,0.8363534987454697
FlexCapacity,Baseline,930.9539570222889,0.1932236311645741,0.8363534987454697
FlexCapacity,Baseline,930.9539570222889,0.1932236311645741,0.8363534987454697
FlexCapacity,Baseline,930.9539570222889,0.1932236311645741,0.8363534987454697
FlexCapacity,Baseline,930.9539570222889,0.1932236311645741,0.8363534987454697
FlexCapacity,Baseline,930.9539570222889,0.1932236311645741,0.8363534987454697
FlexCapacity,WasteSpike,2182.7792859498113,0.16562025528392063,0.716874427496117
FlexCapacity,Baseline,930.9539570222889,0.1932236311645741,0.8363534987454697
FlexCapacity,VehicleFailure,2260.8052577890976,0.16424008648988794,0.7109004739336493
FlexCapacity,VehicleFailure,2260.8052577890976,0.16424008648988794,0.7109004739336493
FlexCapacity,SevereWeather,6143.962766076978,0.11147517182571583,0.4825116338916172
FlexCapacity,VehicleFailure,2260.8052577890976,0.16424008648988794,0.7109004739336493
FlexCapacity,Baseline,930.9539570222889,0.1932236311645741,0.8363534987454697
FlexCapacity,VehicleFailure,2260.8052577890976,0.16424008648988794,0.7109004739336493
FlexCapacity,Baseline,930.9539570222889,0.1932236311645741,0.8363534987454697
FlexCapacity,Baseline,930.9539570222889,0.1932236311645741,0.8363534987454697
FlexCapacity,Baseline,930.9539570222889,0.1932236311645741,0.8363534987454697
FlexCapacity,Baseline,930.9539570222889,0.1932236311645741,0.8363534987454697
FlexCapacity,Baseline,930.9539570222889,0.1932236311645741,0.8363534987454697
FlexCapacity,Baseline,930.9539570222889,0.1932236311645741,0.8363534987454697
FlexCapacity,VehicleFailure,2260.8052577890976,0.16424008648988794,0.7109004739336493
FlexCapacity,Baseline,930.9539570222889,0.1932236311645741,0.8363534987454697
FlexCapacity,WasteSpike,2182.7792859498113,0.16562025528392063,0.716874427496117
FlexCapacity,Baseline,930.9539570222889,0.1932236311645741,0.8363534987454697
FlexCapacity,Baseline,930.9539570222889,0.1932236311645741,0.8363534987454697
FlexCapacity,Baseline,930.9539570222889,0.1932236311645741,0.8363534987454697
FlexCapacity,VehicleFailure,2260.8052577890976,0.16424008648988794,0.7109004739336493
FlexCapacity,WasteSpike,2182.7792859498113,0.16562025528392063,0.716874427496117
FlexCapacity,Baseline,930.9539570222889,0.1932236311645741,0.8363534987454697
FlexCapacity,WasteSpike,2182.7792859498113,0.16562025528392063,0.716874427496117
FlexCapacity,WasteSpike,2182.7792859498113,0.16562025528392063,0.716874427496117
FlexCapacity,WasteSpike,2182.7792859498113,0.16562025528392063,0.716874427496117
FlexCapacity,Baseline,930.9539570222889,0.1932236311645741,0.8363534987454697
FlexCapacity,Baseline,930.9539570222889,0.1932236311645741,0.8363534987454697
FlexCapacity,SevereWeather,6143.962766076978,0.11147517182571583,0.4825116338916172
FlexCapacity,Baseline,930.9539570222889,0.1932236311645741,0.8363534987454697
FlexCapacity,Baseline,930.9539570222889,0.1932236311645741,0.8363534987454697
FlexCapacity,Baseline,930.9539570222889,0.1932236311645741,0.8363534987454697
FlexCapacity,Baseline,930.9539570222889,0.1932236311645741,0.8363534987454697
FlexCapacity,SevereWeather,6143.962766076978,0.11147517182571583,0.4825116338916172
FlexCapacity,WasteSpike,2182.7792859498113,0.16562025528392063,0.716874427496117
FlexCapacity,Baseline,930.9539570222889,0.1932236311645741,0.8363534987454697
FlexCapacity,Baseline,930.9539570222889,0.1932236311645741,0.8363534987454697
FlexCapacity,Baseline,930.9539570222889,0.1932236311645741,0.8363534987454697
FlexCapacity,WasteSpike,2182.7792859498113,0.16562025528392063,0.716874427496117
FlexCapacity,VehicleFailure,2260.8052577890976,0.16424008648988794,0.7109004739336493
FlexCapacity,Baseline,930.9539570222889,0.1932236311645741,0.8363534987454697
FlexCapacity,Baseline,930.9539570222889,0.1932236311645741,0.8363534987454697
FlexCapacity,Baseline,930.9539570222889,0.1932236311645741,0.8363534987454697
FlexCapacity,Baseline,930.9539570222889,0.1932236311645741,0.8363534987454697
FlexCapacity,WasteSpike,2182.7792859498113,0.16562025528392063,0.716874427496117
FlexCapacity,SevereWeather,6143.962766076978,0.11147517182571583,0.4825116338916172
FlexCapacity,Baseline,930.9539570222889,0.1932236311645741,0.8363534987454697
FlexCapacity,WasteSpike,2182.7792859498113,0.16562025528392063,0.716874427496117
FlexCapacity,Baseline,930.9539570222889,0.1932236311645741,0.8363534987454697
FlexCapacity,Baseline,930.9539570222889,0.1932236311645741,0.8363534987454697
FlexCapacity,Baseline,930.9539570222889,0.1932236311645741,0.8363534987454697
FlexCapacity,Baseline,930.9539570222889,0.1932236311645741,0.8363534987454697
FlexCapacity,Baseline,930.9539570222889,0.1932236311645741,0.8363534987454697
FlexCapacity,WasteSpike,2182.7792859498113,0.16562025528392063,0.716874427496117
FlexCapacity,Baseline,930.9539570222889,0.1932236311645741,0.8363534987454697
FlexCapacity,Baseline,930.9539570222889,0.1932236311645741,0.8363534987454697
FlexCapacity,Baseline,930.9539570222889,0.1932236311645741,0.8363534987454697
FlexCapacity,Baseline,930.9539570222889,0.1932236311645741,0.8363534987454697
FlexCapacity,Baseline,930.9539570222889,0.1932236311645741,0.8363534987454697
FlexCapacity,Baseline,930.9539570222889,0.1932236311645741,0.8363534987454697
FlexCapacity,Baseline,930.9539570222889,0.1932236311645741,0.8363534987454697
FlexCapacity,Baseline,930.9539570222889,0.1932236311645741,0.8363534987454697
FlexCapacity,VehicleFailure,2260.8052577890976,0.16424008648988794,0.7109004739336493
FlexCapacity,VehicleFailure,2260.8052577890976,0.16424008648988794,0.7109004739336493
FlexCapacity,SevereWeather,6143.962766076978,0.11147517182571583,0.4825116338916172
FlexCapacity,Baseline,930.9539570222889,0.1932236311645741,0.8363534987454697
FlexCapacity,Baseline,930.9539570222889,0.1932236311645741,0.8363534987454697
FlexCapacity,Baseline,930.9539570222889,0.1932236311645741,0.8363534987454697
FlexCapacity,Baseline,930.9539570222889,0.1932236311645741,0.8363534987454697
FlexCapacity,SevereWeather,6143.962766076978,0.11147517182571583,0.4825116338916172
FlexCapacity,Baseline,930.9539570222889,0.1932236311645741,0.8363534987454697
FlexCapacity,Baseline,930.9539570222889,0.1932236311645741,0.8363534987454697
FlexCapacity,WasteSpike,2182.7792859498113,0.16562025528392063,0.716874427496117
FlexCapacity,Baseline,930.9539570222889,0.1932236311645741,0.8363534987454697
FlexCapacity,Baseline,930.9539570222889,0.1932236311645741,0.8363534987454697
FlexCapacity,WasteSpike,2182.7792859498113,0.16562025528392063,0.716874427496117
FlexCapacity,Baseline,930.9539570222889,0.1932236311645741,0.8363534987454697
FlexCapacity,Baseline,930.9539570222889,0.1932236311645741,0.8363534987454697
FlexCapacity,Baseline,930.9539570222889,0.1932236311645741,0.8363534987454697
FlexCapacity,WasteSpike,2182.7792859498113,0.16562025528392063,0.716874427496117
FlexCapacity,Baseline,930.9539570222889,0.1932236311645741,0.8363534987454697
FlexCapacity,Baseline,930.9539570222889,0.1932236311645741,0.8363534987454697
FlexCapacity,Baseline,930.9539570222889,0.1932236311645741,0.8363534987454697
FlexCapacity,Baseline,930.9539570222889,0.1932236311645741,0.8363534987454697
FlexCapacity,Baseline,930.9539570222889,0.1932236311645741,0.8363534987454697
FlexCapacity,Baseline,930.9539570222889,0.1932236311645741,0.8363534987454697
FlexCapacity,Baseline,930.9539570222889,0.1932236311645741,0.8363534987454697
FlexCapacity,Baseline,930.9539570222889,0.1932236311645741,0.8363534987454697
FlexCapacity,Baseline,930.9539570222889,0.1932236311645741,0.8363534987454697
FlexCapacity,WasteSpike,2182.7792859498113,0.16562025528392063,0.716874427496117
FlexCapacity,Baseline,930.9539570222889,0.1932236311645741,0.8363534987454697
FlexCapacity,SevereWeather,6143.962766076978,0.11147517182571583,0.4825116338916172
FlexCapacity,VehicleFailure,2260.8052577890976,0.16424008648988794,0.7109004739336493
FlexCapacity,Baseline,930.9539570222889,0.1932236311645741,0.8363534987454697
FlexCapacity,WasteSpike,2182.7792859498113,0.16562025528392063,0.716874427496117
FlexCapacity,WasteSpike,2182.7792859498113,0.16562025528392063,0.716874427496117
